<?xml version="1.0" encoding="UTF-8" standalone="yes"?>
<addon id="repository.tilera" name="tileraRepo" version="0.0.1" provider-name="tilera">
	<extension point="xbmc.addon.repository" name="tileraRepo">
		<dir>
			<info compressed="false">https://raw.githubusercontent.com/MineProjectZ/tileraRepo/master/zips/addons.xml</info>
			<checksum>https://raw.githubusercontent.com/MineProjectZ/tileraRepo/master/zips/addons.xml.md5</checksum>
			<datadir zip="true">https://raw.githubusercontent.com/MineProjectZ/tileraRepo/master/zips/</datadir>
		</dir>
		<info compressed="false">https://raw.githubusercontent.com/MineProjectZ/tileraRepo/master/zips/addons.xml</info>
		<checksum>https://raw.githubusercontent.com/MineProjectZ/tileraRepo/master/zips/addons.xml.md5</checksum>
		<datadir zip="true">https://raw.githubusercontent.com/MineProjectZ/tileraRepo/master/zips/</datadir>
	</extension>
	<extension point="xbmc.addon.metadata">
		<summary lang="en">tileras addon Repository</summary>
		<description lang="en">tileras addon Repository</description>
		<genre>german,usa</genre>
	</extension>
</addon>