<?xml version='1.0' encoding='UTF-8' standalone='yes'?>
<addon id='plugin.video.twitch' version='2.0.2' name='Twitch' provider-name='A Talented Community'>
    <requires>
        <import addon='xbmc.python' version='2.20.0'/>
        <import addon="script.module.python.twitch" version="1.0.1"/>
        <import addon="script.module.requests" version="2.9.1"/>
    </requires>
    <extension point='xbmc.python.pluginsource' library='resources/lib/routes.py'>
        <provides>video</provides>
    </extension>
    <extension point="xbmc.service" library="resources/lib/service.py"/>
    <extension point='xbmc.addon.metadata'>
        <platform>all</platform>
        <news>
[fix/upd] use display names for communities
        </news>
        <assets>
            <icon>icon.png</icon>
            <fanart>fanart.png</fanart>
        </assets>
        <language>en</language>
        <source>https://github.com/MrSprigster/Twitch-on-Kodi</source>
        <license>GNU GENERAL PUBLIC LICENSE Version 3, 29 June 2007</license>
        <forum>http://forum.kodi.tv/showthread.php?tid=134538</forum>
        <summary lang='da'>Twitch video plugin</summary>
        <description lang='da'>Se dine favorit gaming streams!</description>
        <summary lang='de'>Twitch video plugin</summary>
        <description lang='de'>Schaue die besten Gaming-Streams!</description>
        <summary lang='en'>Twitch video plugin</summary>
        <description lang='en'>Watch your favorite gaming streams!</description>
        <summary lang='es'>Twitch video plugin</summary>
        <description lang='es'>¡Mira los streams de tus juegos favoritos!</description>
        <summary lang='fr'>Twitch video plugin</summary>
        <description lang='fr'>Regardez les streams de vos jeux favoris !</description>
        <summary lang='nl'>Twitch video plugin</summary>
        <description lang='nl'>Bekijk je favoriete gaming-streams!</description>
        <summary lang='no'>Tillegg for Twitch</summary>
        <description lang='no'>Se dine favorittstrømmere!</description>
        <summary lang='pl'>Twitch video plugin</summary>
        <description lang='pl'>Oglądaj ulubione programy TwitchTV!</description>
    </extension>
</addon>
